{
    "ccf_menu_title" : "Filtro della Telecamera Modificabile",
    "ccf_menu_desc" : "Modifica il Filtro della Telecamera in qualsiasi colore tu voglia",
    "color_camera_filter_choice" : "Filtri telecamera",
    "color_camera_filter_choice_desc" : "Scegli un filtro per la telecamera.\nDevi usare il feed della telecamera un'altra volta per abilitare un nuovo filtro.",
    "color_sin" : "PREDEFINITO",
    "color_main" : "PREDEFINITO MENU PRINCIPALE",
    "color_payday" : "PAYDAY+",
    "color_heat" : "DINERO",
    "color_nice" : "GENSEC",
    "color_bhd" : "BHD",
    "color_xgen" : "XGEN MARRONE",
    "color_xxxgen" : "FUTURO DEL GAMING",
    "color_matrix" : "LE MATRICI",
    "color_matrix_classic" : "MATRICI CLASSICO",
    "color_sin_classic" : "BASTARD",
    "color_sepia" : "SELVAGGIO WEST",
    "color_sunsetstrip" : "SATURAZIONE MASSIMA",
    "color_colorful" : "HIPSTER VINTAGE",
    "color_madplanet" : "MAD PLANET",
    "ccf_options_reset_title" : "Resetta",
    "ccf_options_reset_desc" : "Resetta il filtro della telecamera a predefinito",
    "ccf_options_removecameranoise_title" : "Rimuovi rumore feedback della telecamera",
    "ccf_options_removecameranoise_desc" : "Abilita questa opzione per rimuovere il Rumore del Feedback della Telecamera. (Riavvio del Colpo richiesto)"
}